Contract,TotalCustomers,ChurnedCustomers,ChurnRate
Month-to-month,3804,2185,57.43953732912723
One year,1568,409,26.084183673469386
Two year,1671,419,25.074805505685216
